ngo_id,ngo_name,city,ngo_lat,ngo_lon,capacity_kg,current_demand_kg,storage_type,storage_capacity_kg,avg_daily_demand_kg,demand_variability_std,priority_tier,allocation_count
NGO_000,Hunger Free India Ahmedabad,Ahmedabad,23.046262359600558,72.57928198416234,127.49,107.93,none,86.62,105.16,14.29,2,0
NGO_001,Seva Sangam Ahmedabad,Ahmedabad,22.951491682610577,72.4892648960673,89.86,84.61,dry,76.27,82.16,4.57,3,0
NGO_002,Annapoorna Trust Nagpur,Nagpur,21.141795172654202,79.08943159209821,498.69,398.51,cold,273.56,435.57,24.3,3,0
NGO_003,Roti Bank Lucknow,Lucknow,26.858514422781674,80.9178396696489,113.09,80.14,dry,75.98,86.09,8.89,1,0
NGO_004,Hunger Free India Nagpur,Nagpur,21.17373027037403,79.10364883011593,252.32,215.42,cold,139.45,228.61,25.27,3,0
NGO_005,Asha Foundation Kolkata,Kolkata,22.578702949708934,88.39344249536593,217.91,191.52,cold,113.14,181.01,35.59,1,0
NGO_006,Seva Sangam Chennai,Chennai,13.099034940873999,80.19915680857505,325.98,233.14,none,168.81,230.61,26.03,3,0
NGO_007,Food For All Chennai,Chennai,13.11417746563855,80.2808667026537,212.99,170.14,none,143.95,160.14,20.85,3,0
NGO_008,Annapoorna Trust Kochi,Kochi,9.858322484469156,76.23529861709787,126.06,94.36,cold,68.45,86.23,9.68,3,0
NGO_009,Asha Foundation Pune,Pune,18.500075211576146,73.9455722301061,102.02,82.64,dry,67.1,74.49,12.13,1,0
NGO_010,Annapoorna Trust Ahmedabad,Ahmedabad,23.06994037204452,72.5361938573907,96.65,70.95,cold,83.97,68.09,7.11,2,0
NGO_011,Hunger Free India Bengaluru,Bengaluru,12.947412360560294,77.56837064723861,459.77,395.56,none,405.91,427.65,63.1,2,0
NGO_012,Seva Sangam Nagpur,Nagpur,21.147896352206505,79.09594894916465,114.09,81.06,cold,66.67,88.71,13.57,1,0
NGO_013,Food For All Chennai,Chennai,13.096960817341945,80.28308801320692,309.88,246.06,dry,256.9,224.85,11.43,1,0
NGO_014,Jan Seva Lucknow,Lucknow,26.814603104251926,80.96609417075157,111.11,88.08,dry,68.59,93.81,9.94,1,0
NGO_015,Hunger Free India Bengaluru,Bengaluru,12.939268801275748,77.56540888807201,208.86,191.99,none,120.85,175.84,19.85,1,0
NGO_016,Food For All Surat,Surat,21.224170497742595,72.86396267813207,91.89,85.96,dry,48.65,79.82,15.49,2,0
NGO_017,Jan Seva Hyderabad,Hyderabad,17.332805859654474,78.48612174351105,146.4,131.03,none,123.83,125.8,12.92,2,0
NGO_018,Hunger Free India Bengaluru,Bengaluru,12.935489765206622,77.6552418417621,94.4,67.11,dry,59.98,72.15,6.02,1,0
NGO_019,Jan Seva Surat,Surat,21.20062658372041,72.85386808067274,410.23,380.93,dry,380.68,409.59,53.94,3,0
NGO_020,Annapoorna Trust Chennai,Chennai,13.027930193554505,80.27150436099137,280.43,235.64,dry,250.78,239.67,26.03,1,0
NGO_021,Food For All Mumbai,Mumbai,19.054336686673278,72.90872054437847,101.81,94.19,dry,86.79,89.25,10.22,1,0
NGO_022,Asha Foundation Delhi,Delhi,28.604426342878355,77.20408362329442,142.05,126.19,cold,107.18,119.96,20.42,3,0
NGO_023,Annadan Trust Indore,Indore,22.676801366501653,75.89551931908866,84.69,72.62,dry,65.28,69.92,13.48,2,0
NGO_024,Hunger Free India Lucknow,Lucknow,26.854436270704106,80.96144884340589,165.3,146.43,cold,121.94,137.54,27.12,2,0
NGO_025,Annapoorna Trust Surat,Surat,21.138419221314038,72.80080494271115,186.61,131.63,dry,114.97,144.67,9.93,1,0
NGO_026,Roti Bank Kolkata,Kolkata,22.5766431333667,88.40847047423694,81.14,59.37,dry,52.55,63.49,10.22,1,0
NGO_027,Annadan Trust Lucknow,Lucknow,26.846500152803173,80.9251886322616,231.98,200.52,dry,221.99,192.54,32.48,2,0
NGO_028,Annadan Trust Pune,Pune,18.537694861046376,73.79924743285304,241.72,203.05,dry,207.13,221.79,41.22,1,0
NGO_029,Annapoorna Trust Ahmedabad,Ahmedabad,22.99887233030145,72.5485909194443,200.02,153.91,dry,195.82,138.83,22.73,2,0
NGO_030,Annadan Trust Kochi,Kochi,9.967353940821893,76.30420932108764,112.41,89.1,dry,58.36,84.54,4.56,3,0
NGO_031,Food For All Chennai,Chennai,13.038728800925266,80.265459167759,222.86,211.63,none,220.43,229.21,19.45,1,0
NGO_032,Annapoorna Trust Pune,Pune,18.564409011602496,73.87371235611853,240.02,208.59,dry,181.87,201.79,25.29,3,0
NGO_033,Seva Sangam Hyderabad,Hyderabad,17.414694162072163,78.53104424999697,68.02,56.29,dry,61.86,54.85,9.44,1,0
NGO_034,Annapoorna Trust Chennai,Chennai,13.090861371270288,80.22828318761508,97.71,89.66,cold,92.85,98.15,7.27,1,0
NGO_035,Hunger Free India Surat,Surat,21.170056390116404,72.86644918507689,110.29,99.92,dry,79.69,105.09,12.16,2,0
NGO_036,Roti Bank Bengaluru,Bengaluru,12.983735912778043,77.64636672387442,82.4,65.69,cold,48.84,64.71,6.87,2,0
NGO_037,Hunger Free India Pune,Pune,18.53574518434567,73.85650247276887,66.78,52.88,cold,36.95,56.08,6.41,1,0
NGO_038,Annapoorna Trust Ahmedabad,Ahmedabad,23.066054231310634,72.53136817581142,88.22,80.05,dry,59.16,77.22,6.4,3,0
NGO_039,Seva Sangam Surat,Surat,21.179710412040826,72.85491125559038,258.31,220.17,cold,246.98,200.26,22.73,2,0
NGO_040,Jan Seva Pune,Pune,18.522591949145767,73.9024254955688,102.93,87.76,dry,64.07,94.13,11.26,1,0
NGO_041,Annadan Trust Bengaluru,Bengaluru,13.01971488426821,77.60262024498095,179.03,166.04,cold,97.56,163.15,25.93,1,0
NGO_042,Annapoorna Trust Nagpur,Nagpur,21.20969391436682,79.0817099880727,85.66,74.8,none,58.41,72.38,9.41,1,0
NGO_043,Asha Foundation Prayagraj,Prayagraj,25.46830450746691,81.78449565382586,53.29,42.84,dry,48.31,46.2,2.69,1,0
NGO_044,Roti Bank Delhi,Delhi,28.58041417274813,77.19666812269426,455.45,368.23,none,335.34,370.22,23.17,1,0
NGO_045,Annadan Trust Hyderabad,Hyderabad,17.422401476038047,78.51157254362602,326.09,260.04,cold,213.78,265.01,41.4,3,0
NGO_046,Jan Seva Kolkata,Kolkata,22.64095683303241,88.3024775010571,104.6,86.8,none,104.43,95.48,11.06,3,0
NGO_047,Jan Seva Chennai,Chennai,13.019513949022611,80.25012659485397,63.06,45.44,dry,62.94,47.76,3.31,3,0
NGO_048,Annapoorna Trust Pune,Pune,18.530010022207424,73.80820407675608,372.56,290.45,none,338.55,304.89,31.95,2,0
NGO_049,Roti Bank Hyderabad,Hyderabad,17.377045611326665,78.4656923857358,127.44,116.74,dry,112.86,117.19,15.13,2,0
NGO_050,Roti Bank Ahmedabad,Ahmedabad,22.976803587522916,72.58160759759824,235.64,176.68,dry,183.57,165.56,15.97,3,0
NGO_051,Seva Sangam Hyderabad,Hyderabad,17.448400263560888,78.56550302560713,197.5,158.07,dry,147.91,160.25,30.21,1,0
NGO_052,Asha Foundation Mumbai,Mumbai,19.11282316069925,72.90029696146736,75.59,54.4,none,68.22,51.29,6.98,1,0
NGO_053,Hunger Free India Surat,Surat,21.169112341307414,72.81737134799302,240.57,193.22,dry,165.8,193.18,32.57,3,0
NGO_054,Annadan Trust Indore,Indore,22.690943220747435,75.90053552809472,195.39,177.38,dry,186.91,181.14,25.31,2,0
NGO_055,Annapoorna Trust Mumbai,Mumbai,19.16508481452167,72.84298335659469,154.48,113.71,cold,128.66,110.46,19.2,3,0
NGO_056,Annadan Trust Ahmedabad,Ahmedabad,23.022269807158697,72.58735635975303,84.21,65.74,dry,66.86,69.74,6.56,2,0
NGO_057,Annapoorna Trust Bengaluru,Bengaluru,12.924766929382418,77.64914959810875,50.0,46.97,dry,31.63,49.03,3.75,2,0
NGO_058,Roti Bank Prayagraj,Prayagraj,25.464202681135905,81.83003007706591,253.68,203.57,cold,193.0,208.83,32.68,3,0
NGO_059,Roti Bank Bengaluru,Bengaluru,12.883420870161412,77.58043817427424,197.42,145.5,none,168.88,146.4,8.65,2,0
NGO_060,Annadan Trust Indore,Indore,22.749577150084104,75.82848831692326,210.06,182.32,dry,200.32,178.46,23.12,2,0
NGO_061,Roti Bank Bengaluru,Bengaluru,12.842096183807028,77.5498216592392,277.7,194.78,cold,195.0,178.15,21.45,2,0
NGO_062,Annapoorna Trust Ahmedabad,Ahmedabad,22.978081677094806,72.52283674065782,226.28,164.38,cold,129.75,177.33,25.32,1,0
NGO_063,Food For All Delhi,Delhi,28.681962406049898,77.21938199907366,85.11,78.32,none,74.11,76.04,7.23,2,0
NGO_064,Annadan Trust Indore,Indore,22.656335598850923,75.81878930965514,112.3,92.1,dry,76.29,95.61,18.04,1,0
NGO_065,Seva Sangam Nagpur,Nagpur,21.15237533006365,79.09945922863524,119.93,110.0,none,84.16,107.67,20.76,2,0
NGO_066,Asha Foundation Pune,Pune,18.526705720210387,73.86270472119236,109.79,94.07,none,74.09,84.69,16.33,2,0
NGO_067,Seva Sangam Kolkata,Kolkata,22.560549804416905,88.38581092468888,437.81,359.39,none,338.91,368.36,53.0,2,0
NGO_068,Asha Foundation Nagpur,Nagpur,21.126538149570447,79.08407954215997,82.36,62.44,cold,79.22,65.48,9.73,1,0
NGO_069,Seva Sangam Chennai,Chennai,13.164474909533267,80.25186451659819,68.15,54.29,none,47.09,54.29,5.91,2,0
NGO_070,Annapoorna Trust Hyderabad,Hyderabad,17.37931974585485,78.4784974473483,126.44,98.23,none,66.0,98.19,12.9,3,0
NGO_071,Annadan Trust Kochi,Kochi,9.933030163992802,76.25771821391878,76.33,65.13,dry,56.03,62.07,5.6,2,0
NGO_072,Annadan Trust Prayagraj,Prayagraj,25.435560572633257,81.8521125659252,50.0,39.72,none,34.77,42.04,3.83,1,0
NGO_073,Annapoorna Trust Surat,Surat,21.216241819061544,72.88135187872098,75.46,59.93,none,58.69,58.82,6.97,3,0
NGO_074,Annapoorna Trust Kochi,Kochi,9.951715592705515,76.29849747521875,115.83,100.44,dry,111.22,91.69,8.17,1,0
NGO_075,Roti Bank Hyderabad,Hyderabad,17.387863175239534,78.46546562714774,154.09,108.03,none,87.62,103.61,5.96,3,0
NGO_076,Hunger Free India Hyderabad,Hyderabad,17.408504693847064,78.54379736256347,287.58,237.04,none,257.65,228.7,20.0,2,0
NGO_077,Food For All Pune,Pune,18.521922477687664,73.83973114415755,431.65,371.85,cold,244.79,360.9,37.53,1,0
NGO_078,Annadan Trust Mumbai,Mumbai,19.059630216073998,72.90616370640602,225.52,177.99,dry,143.67,195.71,17.72,2,0
NGO_079,Jan Seva Lucknow,Lucknow,26.878959616667917,80.90964466010622,151.8,131.55,cold,124.24,138.59,16.61,2,0
NGO_080,Annapoorna Trust Pune,Pune,18.56022635951649,73.91211119165509,375.09,334.13,dry,273.99,345.98,50.74,2,0
NGO_081,Food For All Kolkata,Kolkata,22.539679074455425,88.44426345094504,217.49,165.71,cold,153.68,167.79,19.47,1,0
NGO_082,Roti Bank Mumbai,Mumbai,19.142416539248625,72.89341437774726,109.32,99.01,dry,63.04,101.01,15.09,2,0
NGO_083,Annapoorna Trust Lucknow,Lucknow,26.870996635470718,80.97005285269131,112.99,90.01,none,72.91,97.37,14.05,2,0
NGO_084,Roti Bank Kochi,Kochi,9.888326785766676,76.27963770335589,358.74,338.74,cold,270.08,368.41,37.74,1,0
NGO_085,Roti Bank Nagpur,Nagpur,21.14834175252892,79.05168812276432,81.32,64.05,dry,44.35,66.75,8.78,2,0
NGO_086,Roti Bank Pune,Pune,18.486402427969434,73.93376960026913,138.61,107.61,cold,120.76,102.98,11.97,3,0
NGO_087,Roti Bank Mumbai,Mumbai,19.045199774928026,72.95057412213303,75.16,68.7,cold,43.45,65.74,3.94,1,0
NGO_088,Annadan Trust Kolkata,Kolkata,22.566403725637336,88.34623537056231,259.56,200.79,dry,213.18,217.76,15.44,2,0
NGO_089,Food For All Ahmedabad,Ahmedabad,23.09897778735799,72.63126730211383,129.7,107.64,cold,109.08,114.69,18.33,1,0
NGO_090,Asha Foundation Kochi,Kochi,9.919984241228729,76.29121875974995,324.89,243.73,dry,178.04,222.73,12.58,1,0
NGO_091,Annapoorna Trust Pune,Pune,18.479742883525255,73.89483124387966,140.2,129.57,dry,70.94,137.45,21.52,1,0
NGO_092,Food For All Bengaluru,Bengaluru,12.919961142159433,77.58108998139167,328.58,253.46,dry,219.25,276.16,49.62,2,0
NGO_093,Asha Foundation Lucknow,Lucknow,26.851891029719116,80.92544526562683,175.38,159.63,none,150.15,158.63,18.66,1,0
NGO_094,Seva Sangam Pune,Pune,18.482739687775794,73.85834555010915,367.35,295.33,cold,232.86,304.2,44.56,3,0
NGO_095,Hunger Free India Kolkata,Kolkata,22.523898404695768,88.33767605920501,129.61,116.02,cold,89.02,122.21,8.13,2,0
NGO_096,Seva Sangam Indore,Indore,22.781261950155468,75.89656372604318,203.9,186.76,none,121.59,193.87,37.2,2,0
NGO_097,Food For All Lucknow,Lucknow,26.87501637508991,80.97056391721264,190.49,157.58,dry,96.23,168.29,29.11,3,0
NGO_098,Hunger Free India Prayagraj,Prayagraj,25.46885637311971,81.90523088919484,211.45,183.91,dry,123.45,184.45,9.84,3,0
NGO_099,Hunger Free India Pune,Pune,18.50146017040407,73.8782778920024,226.8,199.54,cold,181.85,203.75,35.01,3,0
NGO_100,Food For All Indore,Indore,22.733481832764216,75.77994651553482,106.9,80.68,dry,83.3,87.73,16.31,2,0
NGO_101,Annadan Trust Surat,Surat,21.145631207535963,72.89774992789687,213.76,173.22,cold,164.61,189.03,34.47,1,0
NGO_102,Asha Foundation Pune,Pune,18.52961396033585,73.82750519172585,87.45,79.84,none,77.06,85.25,13.37,3,0
NGO_103,Annapoorna Trust Indore,Indore,22.717741103234555,75.8203066071549,52.11,44.88,dry,36.28,43.47,7.54,1,0
NGO_104,Annapoorna Trust Mumbai,Mumbai,19.021646256660365,72.85529129889171,292.01,237.02,none,239.36,260.33,15.83,1,0
NGO_105,Seva Sangam Kolkata,Kolkata,22.651728208160936,88.27523558945343,800.0,582.67,none,465.79,613.34,56.07,1,0
NGO_106,Jan Seva Surat,Surat,21.1196598504197,72.85887423329946,101.54,81.2,dry,77.66,77.88,14.1,1,0
NGO_107,Annapoorna Trust Nagpur,Nagpur,21.186400005364362,79.14052575769021,86.0,75.92,none,85.9,81.89,16.32,2,0
NGO_108,Roti Bank Delhi,Delhi,28.67427647483037,77.20374408275853,196.3,175.23,cold,100.54,164.46,17.93,2,0
NGO_109,Annadan Trust Hyderabad,Hyderabad,17.415394707106532,78.49709836969436,86.07,69.13,dry,82.24,64.17,5.41,3,0
NGO_110,Jan Seva Delhi,Delhi,28.569488162761225,77.17497642245851,108.53,93.42,cold,85.71,93.05,4.92,3,0
NGO_111,Food For All Delhi,Delhi,28.653353687423937,77.15716805644993,147.66,137.64,none,82.84,128.73,7.69,3,0
NGO_112,Seva Sangam Delhi,Delhi,28.682793669176956,77.25397929759666,180.74,126.97,cold,91.39,120.54,12.78,1,0
NGO_113,Roti Bank Prayagraj,Prayagraj,25.412795407315198,81.92396005084593,152.24,116.79,dry,99.85,117.5,21.53,2,0
NGO_114,Annadan Trust Chennai,Chennai,13.077796027372287,80.24606530715388,249.73,181.57,cold,204.17,165.32,23.37,1,0
NGO_115,Annadan Trust Indore,Indore,22.690050507168586,75.84732439901423,133.76,115.22,dry,125.91,122.76,23.21,3,0
NGO_116,Hunger Free India Ahmedabad,Ahmedabad,23.04879111765015,72.53972528642737,73.8,62.65,cold,69.25,63.81,9.62,1,0
NGO_117,Food For All Mumbai,Mumbai,19.108213250294927,72.86583496449965,241.09,200.4,cold,207.65,189.54,26.19,3,0
NGO_118,Asha Foundation Nagpur,Nagpur,21.16297926303575,79.16405218503422,170.24,148.66,dry,143.77,146.88,22.8,3,0
NGO_119,Jan Seva Lucknow,Lucknow,26.84391805995919,80.98292106399992,183.29,153.52,cold,177.31,141.99,9.11,3,0
NGO_120,Food For All Nagpur,Nagpur,21.12688674047698,79.10089508632159,109.47,77.28,none,61.75,82.2,10.22,2,0
NGO_121,Seva Sangam Chennai,Chennai,13.087863813169252,80.24117857401544,398.13,345.85,dry,356.53,337.92,19.74,1,0
NGO_122,Food For All Delhi,Delhi,28.638017845442004,77.16952849717713,297.85,255.79,cold,200.44,236.72,45.1,3,0
NGO_123,Annadan Trust Hyderabad,Hyderabad,17.36831320854031,78.4374153877932,234.04,198.72,dry,120.87,192.87,30.42,1,0
NGO_124,Food For All Mumbai,Mumbai,19.099603191692992,72.92107064253031,351.39,294.62,dry,217.81,266.72,43.39,2,0
NGO_125,Roti Bank Prayagraj,Prayagraj,25.3776722262931,81.81414018982223,129.16,112.95,dry,77.05,113.81,19.22,2,0
NGO_126,Food For All Delhi,Delhi,28.539201491194074,77.12412226885695,99.31,70.73,none,61.95,65.59,9.89,2,0
NGO_127,Food For All Kolkata,Kolkata,22.641798406093343,88.33666455986857,460.65,323.26,none,312.26,293.03,41.15,1,0
NGO_128,Seva Sangam Mumbai,Mumbai,19.089778985070453,72.8975416818071,407.71,324.48,dry,252.3,333.75,28.15,1,0
NGO_129,Hunger Free India Nagpur,Nagpur,21.181566890115462,79.03330243152357,145.65,102.08,cold,124.92,94.67,5.4,2,0
NGO_130,Food For All Ahmedabad,Ahmedabad,22.997278196170686,72.4876282567649,152.2,115.63,none,89.44,105.6,18.92,2,0
NGO_131,Asha Foundation Indore,Indore,22.7639082938491,75.8080553568832,163.44,138.58,none,124.39,136.98,19.04,1,0
NGO_132,Roti Bank Kochi,Kochi,9.838554603038208,76.31736624778304,351.9,331.23,dry,309.35,303.1,48.99,2,0
NGO_133,Hunger Free India Kochi,Kochi,9.916116299285301,76.24001419927282,131.86,98.32,cold,76.61,107.55,20.63,3,0
NGO_134,Roti Bank Surat,Surat,21.194029873495094,72.80933381421113,152.23,127.11,dry,119.79,127.78,20.5,1,0
NGO_135,Roti Bank Lucknow,Lucknow,26.839239489572968,80.92667523424421,201.64,151.91,cold,130.58,152.89,16.67,1,0
NGO_136,Jan Seva Chennai,Chennai,13.072733179093072,80.31218526236438,288.55,232.65,cold,188.44,242.34,32.93,3,0
NGO_137,Hunger Free India Delhi,Delhi,28.612536052195775,77.22822039124843,141.36,105.73,dry,112.18,112.93,19.47,2,0
NGO_138,Roti Bank Nagpur,Nagpur,21.168447201963502,79.1112248601444,78.11,62.38,cold,55.7,64.22,9.89,3,0
NGO_139,Hunger Free India Pune,Pune,18.508851196301226,73.82006743538602,311.95,278.99,cold,257.34,252.19,16.87,3,0
NGO_140,Seva Sangam Prayagraj,Prayagraj,25.492093197007687,81.88667506773126,151.37,113.81,cold,103.03,123.13,22.44,2,0
NGO_141,Jan Seva Nagpur,Nagpur,21.129892770886467,79.13035577128733,205.94,187.99,dry,184.42,194.36,17.18,3,0
NGO_142,Seva Sangam Ahmedabad,Ahmedabad,23.065585865084397,72.5400015959229,233.04,198.95,cold,139.68,201.85,33.3,1,0
NGO_143,Annapoorna Trust Surat,Surat,21.155620416433102,72.86143272893477,56.22,50.92,cold,39.45,52.09,2.77,2,0
NGO_144,Annadan Trust Ahmedabad,Ahmedabad,23.019860524339762,72.54291487862808,52.35,39.51,cold,37.78,41.72,8.34,1,0
NGO_145,Hunger Free India Pune,Pune,18.58746919773677,73.87477363125811,153.97,136.66,none,77.8,131.54,25.98,1,0
NGO_146,Seva Sangam Nagpur,Nagpur,21.14193392984084,79.06200549301047,95.13,80.24,dry,90.63,80.01,14.3,3,0
NGO_147,Roti Bank Pune,Pune,18.525277335453378,73.84736869188617,232.86,196.49,none,174.08,196.69,32.09,3,0
NGO_148,Annadan Trust Kolkata,Kolkata,22.53531901408279,88.38386874122982,142.24,107.45,none,113.54,115.81,20.82,2,0
NGO_149,Jan Seva Prayagraj,Prayagraj,25.37604321318828,81.88660964293932,187.72,172.68,dry,137.06,185.97,24.71,2,0
NGO_150,Seva Sangam Bengaluru,Bengaluru,12.995456512694588,77.5385330640874,133.02,108.29,cold,86.7,109.46,16.61,3,0
NGO_151,Annadan Trust Delhi,Delhi,28.57262186471784,77.17799290770058,167.31,130.38,none,109.11,127.76,19.88,2,0
NGO_152,Food For All Kochi,Kochi,9.908969898566527,76.21869456309481,50.0,35.4,none,29.09,38.78,4.51,3,0
NGO_153,Jan Seva Indore,Indore,22.725275159829227,75.829169618603,74.66,68.29,dry,70.86,62.15,5.4,2,0
NGO_154,Asha Foundation Hyderabad,Hyderabad,17.318390474008485,78.42816468664823,127.16,99.39,none,90.53,90.7,16.0,1,0
NGO_155,Asha Foundation Chennai,Chennai,13.034701934314946,80.34940188452076,181.63,135.97,cold,142.85,129.7,20.86,2,0
NGO_156,Food For All Nagpur,Nagpur,21.123799109559915,79.08576841260755,194.41,147.33,dry,110.05,139.85,22.47,3,0
NGO_157,Asha Foundation Surat,Surat,21.197127262489968,72.83498427653046,125.6,117.79,dry,121.3,121.96,7.35,2,0
NGO_158,Jan Seva Kochi,Kochi,9.876916195249365,76.2617162754675,236.57,174.32,dry,131.83,172.7,18.38,2,0
NGO_159,Food For All Mumbai,Mumbai,19.141512622099526,72.8470489237597,163.18,127.47,cold,138.11,115.33,21.1,2,0
NGO_160,Annapoorna Trust Kochi,Kochi,9.970415261526346,76.30491110663907,259.66,205.0,cold,199.99,202.62,23.65,2,0
NGO_161,Asha Foundation Kolkata,Kolkata,22.546802929159973,88.31709682384547,134.2,102.04,cold,132.31,96.49,12.57,2,0
NGO_162,Roti Bank Ahmedabad,Ahmedabad,23.000917569935122,72.55261046244695,345.61,248.12,none,320.41,252.67,33.47,3,0
NGO_163,Asha Foundation Kochi,Kochi,9.907792969588593,76.30748182238315,141.76,132.05,none,86.39,133.15,25.68,2,0
NGO_164,Jan Seva Nagpur,Nagpur,21.16819418610601,79.11658931816362,343.55,275.75,dry,268.66,250.56,14.87,2,0
NGO_165,Jan Seva Kolkata,Kolkata,22.596870932706963,88.40761171033701,50.0,35.9,cold,41.37,36.38,6.78,1,0
NGO_166,Asha Foundation Lucknow,Lucknow,26.831136062647452,80.97885196778161,73.57,67.6,none,42.24,62.82,5.48,1,0
NGO_167,Annapoorna Trust Delhi,Delhi,28.561174908759778,77.14606768762259,123.55,103.64,cold,109.42,101.88,5.48,3,0
NGO_168,Jan Seva Delhi,Delhi,28.58485125288637,77.2103854983537,243.4,227.23,cold,195.78,236.21,42.89,3,0
NGO_169,Seva Sangam Delhi,Delhi,28.654490114361913,77.29494711765014,147.43,126.17,dry,80.46,118.95,11.17,1,0
NGO_170,Jan Seva Kochi,Kochi,9.897690851037964,76.33193740678287,125.04,93.77,cold,96.86,94.67,5.07,3,0
NGO_171,Annadan Trust Nagpur,Nagpur,21.188140712776086,79.09974172424012,161.0,117.33,cold,113.61,118.82,7.59,3,0
NGO_172,Hunger Free India Delhi,Delhi,28.60860550549145,77.21982230603237,97.06,69.34,dry,78.91,65.42,4.11,2,0
NGO_173,Seva Sangam Ahmedabad,Ahmedabad,22.96853715891643,72.61936078043645,115.78,84.27,cold,101.37,89.42,15.87,3,0
NGO_174,Hunger Free India Bengaluru,Bengaluru,13.040517508274394,77.65658032017537,184.73,165.24,cold,115.58,172.22,9.75,3,0
NGO_175,Seva Sangam Lucknow,Lucknow,26.82481728548845,80.95334277187277,164.46,137.63,dry,124.1,135.45,22.65,1,0
NGO_176,Asha Foundation Hyderabad,Hyderabad,17.379497323438894,78.57965991300044,119.1,100.28,none,104.63,94.59,18.54,2,0
NGO_177,Hunger Free India Indore,Indore,22.76116342664618,75.94271763595654,155.53,138.44,cold,152.54,137.7,19.62,2,0
NGO_178,Food For All Ahmedabad,Ahmedabad,23.0042552806151,72.64751532163503,180.77,168.47,dry,176.69,154.13,29.28,1,0
NGO_179,Roti Bank Pune,Pune,18.493573875497066,73.95121571107266,55.71,45.05,dry,38.81,49.39,2.76,3,0
NGO_180,Food For All Pune,Pune,18.563622153017032,73.87353547511292,171.56,145.42,cold,142.06,133.61,8.15,2,0
NGO_181,Food For All Indore,Indore,22.707943565844456,75.8674174134247,50.0,46.04,cold,49.62,43.41,3.51,3,0
NGO_182,Roti Bank Bengaluru,Bengaluru,12.976712151765035,77.60323040231083,331.55,269.24,none,264.1,268.84,44.53,2,0
NGO_183,Annapoorna Trust Ahmedabad,Ahmedabad,23.129372560058307,72.56125504230874,50.0,44.68,cold,47.4,41.81,6.56,3,0
NGO_184,Seva Sangam Delhi,Delhi,28.596166447677422,77.19095565583694,176.41,166.69,none,109.11,171.81,22.67,2,0
NGO_185,Annadan Trust Pune,Pune,18.498659228645423,73.83725948823408,242.16,178.92,none,138.76,162.19,28.75,3,0
NGO_186,Asha Foundation Indore,Indore,22.732341418058528,75.86107898808262,83.22,65.42,dry,77.01,69.01,12.8,3,0
NGO_187,Seva Sangam Bengaluru,Bengaluru,12.992849410782595,77.62315775127263,117.95,110.6,cold,115.69,116.32,21.51,3,0
NGO_188,Annadan Trust Delhi,Delhi,28.57864963621633,77.24037434692653,117.44,105.88,cold,117.16,95.76,12.27,3,0
NGO_189,Asha Foundation Bengaluru,Bengaluru,12.984639025164364,77.66300919205672,108.7,86.99,dry,68.0,89.84,11.96,2,0
NGO_190,Annapoorna Trust Ahmedabad,Ahmedabad,22.951276912021772,72.49471497115877,86.78,66.03,none,62.66,70.59,12.28,3,0
NGO_191,Food For All Kochi,Kochi,9.909381535984393,76.29349027195985,285.93,251.7,none,248.91,235.59,46.43,1,0
NGO_192,Seva Sangam Mumbai,Mumbai,19.080359588787495,72.84505347461014,139.3,103.19,cold,110.72,97.34,17.91,1,0
NGO_193,Seva Sangam Ahmedabad,Ahmedabad,23.009260817289363,72.49190165414004,189.64,179.46,dry,103.21,169.38,26.72,1,0
NGO_194,Food For All Prayagraj,Prayagraj,25.40536900528814,81.80156137209212,50.0,46.01,dry,26.79,46.89,3.95,1,0
NGO_195,Jan Seva Lucknow,Lucknow,26.87844641625774,80.94046757397258,108.54,99.06,cold,74.66,91.85,13.07,1,0
NGO_196,Annadan Trust Surat,Surat,21.12538422891879,72.86456669293862,319.69,234.18,none,244.17,252.31,31.41,2,0
NGO_197,Annadan Trust Delhi,Delhi,28.663012352629053,77.23040268523222,79.36,58.51,dry,49.42,57.25,10.43,3,0
NGO_198,Annapoorna Trust Hyderabad,Hyderabad,17.43786882667684,78.50347621400459,74.61,60.78,cold,63.62,60.96,4.31,1,0
NGO_199,Annapoorna Trust Lucknow,Lucknow,26.867248291496665,80.94970699832409,213.46,156.44,none,178.32,165.7,30.46,2,0
NGO_200,Roti Bank Surat,Surat,21.18851938926497,72.82616876005633,130.37,123.71,cold,86.28,133.06,10.57,1,0
NGO_201,Annadan Trust Pune,Pune,18.469871412070912,73.85015860496468,118.96,92.51,none,116.33,85.34,6.17,1,0
NGO_202,Hunger Free India Indore,Indore,22.70590291874192,75.9464647643004,69.25,64.37,none,40.85,65.65,7.48,3,0
NGO_203,Roti Bank Nagpur,Nagpur,21.182964368197904,79.02603518343474,123.03,106.02,none,78.71,112.03,11.85,2,0
NGO_204,Roti Bank Kolkata,Kolkata,22.517343029157324,88.30864862287864,207.94,185.96,cold,177.14,180.14,28.56,3,0
NGO_205,Annapoorna Trust Delhi,Delhi,28.647940132272716,77.10389280207055,229.15,160.59,none,185.07,163.74,15.04,1,0
NGO_206,Seva Sangam Prayagraj,Prayagraj,25.430160206864148,81.94221968356385,81.66,74.4,cold,78.54,81.33,12.64,2,0
NGO_207,Roti Bank Chennai,Chennai,13.109590586631146,80.27609863206108,150.38,107.1,dry,135.95,98.13,13.71,2,0
NGO_208,Roti Bank Hyderabad,Hyderabad,17.44766740529478,78.49464057957984,50.0,37.27,none,46.07,34.24,2.02,3,0
NGO_209,Roti Bank Pune,Pune,18.49462938603622,73.8389162887929,197.13,139.15,dry,157.53,132.47,14.98,1,0
NGO_210,Hunger Free India Chennai,Chennai,12.990817584611298,80.27680716850584,59.33,53.92,dry,45.19,49.69,4.3,1,0
NGO_211,Hunger Free India Delhi,Delhi,28.596309641131718,77.17179142145102,176.16,153.58,none,150.13,143.85,19.7,2,0
NGO_212,Annapoorna Trust Indore,Indore,22.691865345983704,75.8853430742483,112.31,94.98,cold,80.67,94.97,7.0,2,0
NGO_213,Annadan Trust Lucknow,Lucknow,26.810710201502623,80.98871519525022,50.0,35.62,dry,41.08,35.56,4.99,3,0
NGO_214,Annadan Trust Bengaluru,Bengaluru,13.015210080059926,77.55249699692939,99.36,83.38,cold,97.08,79.31,7.62,1,0
NGO_215,Food For All Nagpur,Nagpur,21.078232116692845,79.1057229606263,100.86,90.96,none,59.44,99.35,7.95,1,0
NGO_216,Asha Foundation Prayagraj,Prayagraj,25.339766735630423,81.83107957090661,124.94,89.45,cold,80.68,89.49,10.94,2,0
NGO_217,Roti Bank Pune,Pune,18.44831833353039,73.89767072701238,96.8,86.25,cold,63.41,85.98,9.69,2,0
NGO_218,Annapoorna Trust Surat,Surat,21.190649054489835,72.78819444741055,227.33,210.01,none,211.84,215.28,14.15,3,0
NGO_219,Asha Foundation Kochi,Kochi,9.970692948748871,76.23981681975708,393.7,344.64,none,214.58,377.27,38.71,2,0
NGO_220,Jan Seva Nagpur,Nagpur,21.09598929013257,79.06213637792011,233.47,206.24,cold,196.0,222.68,39.27,3,0
NGO_221,Food For All Pune,Pune,18.558158083565218,73.84602830474692,255.29,215.75,none,212.59,207.79,41.02,1,0
NGO_222,Annadan Trust Hyderabad,Hyderabad,17.27112220059568,78.49394865233926,112.74,84.2,cold,87.74,81.96,10.28,3,0
NGO_223,Seva Sangam Delhi,Delhi,28.56205120046805,77.16435231008533,180.47,157.83,none,178.48,157.97,14.09,1,0
NGO_224,Roti Bank Prayagraj,Prayagraj,25.433721277665157,81.81096488705991,146.89,131.17,none,140.86,130.4,17.88,3,0
NGO_225,Jan Seva Hyderabad,Hyderabad,17.361924203655544,78.44519342275132,106.09,78.09,dry,72.07,85.58,11.55,1,0
NGO_226,Annadan Trust Ahmedabad,Ahmedabad,23.051280960412196,72.56805199937999,196.29,160.67,none,161.15,165.26,19.99,3,0
NGO_227,Asha Foundation Delhi,Delhi,28.526348496535707,77.16767631309591,166.22,142.08,cold,161.71,154.45,12.21,1,0
NGO_228,Seva Sangam Surat,Surat,21.117754604155653,72.8047224780434,99.77,91.26,dry,82.84,95.08,5.5,1,0
NGO_229,Food For All Chennai,Chennai,13.112725817834392,80.25455783365983,108.67,76.08,cold,77.76,70.47,10.75,1,0
NGO_230,Hunger Free India Nagpur,Nagpur,21.13615358882444,79.12522159120007,296.54,245.39,cold,225.61,236.37,34.17,2,0
NGO_231,Annapoorna Trust Pune,Pune,18.5709008055877,73.83886123708514,210.85,191.02,none,112.06,191.2,24.3,2,0
NGO_232,Jan Seva Chennai,Chennai,13.091464472403372,80.2870463174596,55.03,49.97,dry,35.35,49.76,5.9,3,0
NGO_233,Seva Sangam Kolkata,Kolkata,22.609421745029223,88.33498808567404,197.87,153.31,cold,191.15,156.56,29.47,1,0
NGO_234,Hunger Free India Prayagraj,Prayagraj,25.44181737085015,81.81048902790256,67.83,53.29,dry,39.75,51.28,8.05,2,0
NGO_235,Roti Bank Delhi,Delhi,28.692582919833207,77.1934101364704,105.1,95.66,cold,72.67,90.68,6.74,3,0
NGO_236,Seva Sangam Hyderabad,Hyderabad,17.351092185304402,78.51392939251863,150.86,126.92,dry,141.65,123.95,10.21,1,0
NGO_237,Asha Foundation Mumbai,Mumbai,19.023351231294473,72.89803153158515,58.24,53.23,dry,41.99,52.11,3.27,3,0
NGO_238,Roti Bank Surat,Surat,21.17895780963801,72.8258437127429,104.14,89.36,cold,88.06,93.24,16.16,2,0
NGO_239,Seva Sangam Ahmedabad,Ahmedabad,22.997717646677877,72.5244302972413,135.46,98.74,dry,114.03,93.4,15.43,1,0
NGO_240,Asha Foundation Ahmedabad,Ahmedabad,23.012425380516778,72.59310516079361,58.44,49.38,none,40.09,49.23,7.89,2,0
NGO_241,Hunger Free India Indore,Indore,22.77458646636215,75.80660634519195,50.0,41.72,dry,33.5,44.28,8.72,2,0
NGO_242,Jan Seva Chennai,Chennai,13.083053464387623,80.23973119532754,164.73,142.79,dry,92.7,153.99,29.91,1,0
NGO_243,Asha Foundation Pune,Pune,18.568496834016717,73.84569813366056,88.91,67.52,dry,71.29,61.35,10.24,2,0
NGO_244,Annapoorna Trust Hyderabad,Hyderabad,17.388248150552123,78.51591936116088,180.91,167.61,dry,117.21,176.61,28.06,1,0
NGO_245,Jan Seva Lucknow,Lucknow,26.811138734330775,80.90148883592049,103.68,98.35,dry,89.82,106.44,17.82,3,0
NGO_246,Hunger Free India Kolkata,Kolkata,22.58700224644824,88.37481552303817,397.81,367.88,dry,362.78,334.81,61.93,2,0
NGO_247,Roti Bank Kochi,Kochi,9.937022363001107,76.24209038580183,97.66,83.61,dry,78.96,75.74,10.7,1,0
NGO_248,Roti Bank Bengaluru,Bengaluru,12.968387122623028,77.5791176664498,50.0,36.11,cold,43.0,38.59,4.35,3,0
NGO_249,Food For All Delhi,Delhi,28.625303482014345,77.20458191540291,164.05,118.34,none,107.64,115.41,11.16,2,0
NGO_250,Jan Seva Bengaluru,Bengaluru,12.952661244742574,77.50526497977772,154.27,117.86,dry,150.29,127.11,9.03,2,0
NGO_251,Seva Sangam Kochi,Kochi,9.990720028906718,76.26529999821744,59.89,45.08,cold,34.55,42.11,4.24,2,0
NGO_252,Jan Seva Indore,Indore,22.696397628191452,75.8242983132459,297.68,264.03,cold,175.95,253.54,34.15,3,0
NGO_253,Jan Seva Kolkata,Kolkata,22.62221515984561,88.33338666420968,131.14,97.96,none,81.51,95.61,17.93,3,0
NGO_254,Annadan Trust Lucknow,Lucknow,26.892391815363396,80.90807560951126,275.18,228.03,none,232.48,208.06,23.0,2,0
NGO_255,Roti Bank Lucknow,Lucknow,26.855146799911303,80.91390179575772,68.18,51.26,cold,61.06,51.4,8.57,2,0
NGO_256,Roti Bank Prayagraj,Prayagraj,25.48273183785618,81.81981918016584,273.42,225.71,none,256.91,214.07,29.31,3,0
NGO_257,Roti Bank Surat,Surat,21.161849141382014,72.81067401478944,352.08,267.08,dry,247.16,247.24,21.01,1,0
NGO_258,Food For All Kolkata,Kolkata,22.600096967731634,88.39616756930556,385.85,296.38,cold,349.84,297.1,24.95,3,0
NGO_259,Asha Foundation Lucknow,Lucknow,26.907359844400816,80.94925108919495,125.64,94.87,dry,86.01,100.42,17.32,2,0
NGO_260,Seva Sangam Pune,Pune,18.468264399944555,73.7582872375539,138.42,105.75,cold,70.04,112.22,15.18,1,0
NGO_261,Annapoorna Trust Surat,Surat,21.16922825578197,72.81263693965565,50.0,41.62,dry,30.91,45.29,4.07,2,0
NGO_262,Annapoorna Trust Pune,Pune,18.472782990295258,73.86237160459251,183.29,173.04,dry,161.43,167.54,11.03,1,0
NGO_263,Annadan Trust Ahmedabad,Ahmedabad,22.966580422299156,72.50676652209552,416.81,333.47,dry,378.6,308.28,58.05,2,0
NGO_264,Seva Sangam Kochi,Kochi,9.844458512805774,76.2180857026546,102.99,82.41,dry,55.38,81.56,9.14,2,0
NGO_265,Food For All Ahmedabad,Ahmedabad,22.971911434020953,72.55221539518902,59.0,51.57,cold,48.7,48.1,7.04,3,0
NGO_266,Seva Sangam Ahmedabad,Ahmedabad,23.01711494785271,72.58173757457774,109.33,98.61,none,62.13,95.12,14.46,2,0
NGO_267,Annapoorna Trust Kolkata,Kolkata,22.541070840332022,88.39527127491897,161.08,130.75,cold,122.05,124.62,7.36,2,0
NGO_268,Jan Seva Kochi,Kochi,9.818065775136413,76.22559823758688,121.85,108.72,dry,113.37,106.47,10.14,1,0
NGO_269,Food For All Prayagraj,Prayagraj,25.366247001071084,81.83682486326731,122.19,105.72,dry,97.03,100.45,16.38,1,0
NGO_270,Annapoorna Trust Bengaluru,Bengaluru,12.909850663127429,77.58508450664607,132.15,100.36,dry,98.35,99.47,14.15,3,0
NGO_271,Asha Foundation Chennai,Chennai,13.154025352625508,80.16237018091786,296.49,231.59,cold,264.1,245.97,40.15,3,0
NGO_272,Roti Bank Delhi,Delhi,28.62381430549589,77.18784058110745,67.21,57.79,cold,40.73,54.37,6.48,2,0
NGO_273,Food For All Prayagraj,Prayagraj,25.448383394155037,81.7680099941449,76.15,54.52,cold,70.77,54.96,10.19,3,0
NGO_274,Jan Seva Delhi,Delhi,28.631191883888057,77.23925844274986,98.05,70.76,cold,65.32,65.62,11.58,2,0
NGO_275,Food For All Surat,Surat,21.18239167827589,72.86860334431414,79.06,74.99,dry,54.61,69.9,7.21,1,0
NGO_276,Hunger Free India Pune,Pune,18.568807479813014,73.8722250577486,254.24,239.61,dry,237.31,231.39,40.45,3,0
NGO_277,Asha Foundation Hyderabad,Hyderabad,17.35724548047434,78.4873177048409,322.31,269.1,cold,183.67,292.64,44.63,1,0
NGO_278,Annapoorna Trust Kochi,Kochi,9.955650493849664,76.27791529301045,85.1,74.36,none,73.5,68.69,7.95,2,0
NGO_279,Annapoorna Trust Surat,Surat,21.13421373790366,72.82690673667125,301.1,212.61,cold,249.61,215.33,16.16,1,0
NGO_280,Seva Sangam Kolkata,Kolkata,22.56926179704923,88.32500376252018,110.42,103.75,dry,79.59,105.81,10.55,3,0
NGO_281,Annapoorna Trust Mumbai,Mumbai,19.044102776287403,72.85789704903729,92.23,80.22,dry,61.48,76.96,13.09,1,0
NGO_282,Annapoorna Trust Lucknow,Lucknow,26.8856148807063,80.87844371312123,140.82,130.01,dry,127.09,119.47,8.79,2,0
NGO_283,Annadan Trust Ahmedabad,Ahmedabad,22.994619542913743,72.53454376110307,390.67,331.7,cold,358.55,327.37,30.91,1,0
NGO_284,Jan Seva Hyderabad,Hyderabad,17.391269170222575,78.53362355493951,159.62,116.39,dry,82.05,127.97,12.07,1,0
NGO_285,Jan Seva Prayagraj,Prayagraj,25.49541408908828,81.77834703896514,162.08,136.42,none,104.53,131.61,8.05,2,0
NGO_286,Food For All Nagpur,Nagpur,21.16603272413635,79.1160932762425,85.54,61.63,cold,43.29,62.57,4.85,1,0
NGO_287,Food For All Chennai,Chennai,13.100909340845206,80.31973772629986,159.03,126.08,dry,109.32,122.54,21.28,2,0
NGO_288,Roti Bank Prayagraj,Prayagraj,25.440869722918457,81.84563640032817,182.2,170.4,none,139.04,169.97,9.59,3,0
NGO_289,Roti Bank Prayagraj,Prayagraj,25.40654454320956,81.8859813045388,104.34,79.32,cold,79.26,86.68,5.6,2,0
NGO_290,Hunger Free India Delhi,Delhi,28.651057832531404,77.29003119260267,276.13,209.75,dry,198.8,217.65,19.86,1,0
NGO_291,Annadan Trust Kolkata,Kolkata,22.51101557911264,88.34154750356917,163.32,141.57,dry,114.77,136.57,23.3,3,0
NGO_292,Asha Foundation Ahmedabad,Ahmedabad,22.944943862724166,72.4880234554628,94.11,74.9,none,79.3,69.12,6.56,2,0
NGO_293,Food For All Chennai,Chennai,13.0611153693404,80.25275322182287,148.91,126.33,dry,127.51,134.03,23.44,2,0
NGO_294,Annapoorna Trust Chennai,Chennai,13.101445925971545,80.2651889426549,179.34,163.55,cold,174.01,155.58,11.83,1,0
NGO_295,Food For All Surat,Surat,21.155243836417355,72.85412212791384,132.31,93.69,dry,95.66,100.43,8.83,2,0
NGO_296,Roti Bank Prayagraj,Prayagraj,25.472017210872224,81.74952636888189,103.13,91.67,none,63.88,99.05,5.34,3,0
NGO_297,Jan Seva Prayagraj,Prayagraj,25.39518702491063,81.90258817873813,117.3,105.69,cold,84.85,98.29,8.85,3,0
NGO_298,Hunger Free India Bengaluru,Bengaluru,12.968975191514247,77.65480119932299,200.0,163.33,dry,122.18,173.56,21.85,2,0
NGO_299,Annadan Trust Nagpur,Nagpur,21.118518714627697,79.03979475452812,55.53,51.11,dry,34.04,50.5,8.52,1,0
NGO_300,Annadan Trust Bengaluru,Bengaluru,12.941295232608592,77.61761617344405,165.3,136.44,dry,145.74,136.34,27.1,1,0
NGO_301,Annapoorna Trust Surat,Surat,21.17169605781931,72.88203579785541,126.11,96.03,dry,75.57,87.21,9.19,2,0
NGO_302,Food For All Surat,Surat,21.1608326170851,72.78155315243252,184.45,149.06,none,134.08,159.15,14.47,3,0
NGO_303,Jan Seva Surat,Surat,21.2341045633125,72.89714901143043,422.38,322.17,dry,295.31,317.48,47.61,3,0
NGO_304,Seva Sangam Nagpur,Nagpur,21.201797320817228,79.08405028463059,176.53,136.8,cold,94.88,132.54,12.95,3,0
NGO_305,Roti Bank Lucknow,Lucknow,26.790027928885557,80.93971207136242,77.31,66.29,dry,41.9,72.91,13.88,1,0
NGO_306,Hunger Free India Kochi,Kochi,9.910870794926481,76.34060745805489,53.02,46.33,cold,40.58,46.11,3.94,1,0
NGO_307,Food For All Delhi,Delhi,28.69617308198316,77.23935982834921,189.51,155.57,none,129.64,164.91,9.03,1,0
NGO_308,Asha Foundation Indore,Indore,22.677522627141137,75.8294615546264,253.68,215.69,dry,187.23,215.13,20.13,3,0
NGO_309,Roti Bank Kolkata,Kolkata,22.536456127609345,88.36452907496482,177.97,163.72,none,114.22,149.57,9.6,2,0
NGO_310,Food For All Kochi,Kochi,9.92479181308763,76.29705114901056,94.97,83.06,none,71.58,85.98,8.6,2,0
NGO_311,Annadan Trust Kolkata,Kolkata,22.47023723276614,88.3784195672429,218.4,170.68,dry,193.98,169.82,17.8,1,0
NGO_312,Food For All Pune,Pune,18.55017347701109,73.92910106608487,85.87,75.34,dry,77.72,74.42,4.03,2,0
NGO_313,Food For All Surat,Surat,21.20016032434594,72.82459890161662,99.38,91.49,cold,60.97,93.36,15.57,2,0
NGO_314,Asha Foundation Pune,Pune,18.57429421145752,73.84342701096251,57.43,51.14,cold,53.96,55.57,5.67,2,0
NGO_315,Roti Bank Prayagraj,Prayagraj,25.480775707074613,81.83224614778192,135.92,112.3,none,68.52,105.8,16.57,3,0
NGO_316,Seva Sangam Kochi,Kochi,9.90368437988268,76.20205316151386,86.53,74.33,none,53.98,67.81,6.61,3,0
NGO_317,Food For All Delhi,Delhi,28.587368612671153,77.14642380926324,136.45,118.7,cold,132.09,108.5,21.14,2,0
NGO_318,Seva Sangam Kochi,Kochi,9.966488008890517,76.26171893828595,119.08,106.22,dry,103.97,113.53,12.69,2,0
NGO_319,Jan Seva Lucknow,Lucknow,26.81994448812885,80.9816754948597,54.62,45.74,dry,33.64,47.7,9.12,1,0
NGO_320,Food For All Pune,Pune,18.45973074596479,73.85185494941416,142.96,112.65,cold,131.21,111.56,14.93,1,0
NGO_321,Food For All Kolkata,Kolkata,22.632712415711964,88.3696367537572,120.92,91.13,none,117.78,96.45,5.25,2,0
NGO_322,Food For All Surat,Surat,21.112366213323572,72.84332809170022,116.97,103.59,none,111.99,99.66,8.38,1,0
NGO_323,Roti Bank Delhi,Delhi,28.56093264382651,77.23165817989683,532.25,395.29,dry,341.09,383.22,64.54,2,0
NGO_324,Food For All Chennai,Chennai,13.057872221355089,80.30392804884711,84.03,69.13,dry,60.79,65.61,11.47,1,0
NGO_325,Roti Bank Nagpur,Nagpur,21.233155770614157,79.07981084030125,215.31,158.53,dry,174.56,147.79,11.48,2,0
NGO_326,Roti Bank Nagpur,Nagpur,21.087491966445043,79.06190635213832,87.72,66.17,cold,80.59,60.86,9.65,2,0
NGO_327,Asha Foundation Chennai,Chennai,13.151757171667462,80.27594825805465,92.94,67.2,cold,63.1,71.02,13.02,2,0
NGO_328,Roti Bank Lucknow,Lucknow,26.84313607523572,80.92392241819087,238.92,183.64,cold,166.04,170.51,26.89,2,0
NGO_329,Seva Sangam Ahmedabad,Ahmedabad,23.049847555289297,72.5761975706457,96.29,90.56,none,80.93,94.34,11.66,1,0
NGO_330,Hunger Free India Hyderabad,Hyderabad,17.38761067895426,78.4908125780074,72.04,55.84,dry,44.62,53.7,4.46,1,0
NGO_331,Hunger Free India Lucknow,Lucknow,26.875248794801628,80.89724641903402,117.95,96.7,none,71.17,106.21,13.66,2,0
NGO_332,Hunger Free India Mumbai,Mumbai,19.109062442366447,72.93153156899143,104.24,96.43,dry,75.23,93.69,5.26,1,0
NGO_333,Asha Foundation Chennai,Chennai,13.126044502324108,80.27006635540185,95.52,89.72,dry,90.94,82.49,15.44,2,0
NGO_334,Hunger Free India Kolkata,Kolkata,22.58524863712124,88.33461807631386,127.58,97.36,dry,126.59,101.6,8.63,3,0
NGO_335,Jan Seva Prayagraj,Prayagraj,25.419297515716384,81.76488753697404,50.0,41.87,dry,46.67,40.45,4.61,3,0
NGO_336,Seva Sangam Hyderabad,Hyderabad,17.326546629954002,78.50785790770739,133.78,104.98,dry,92.55,103.31,13.8,2,0
NGO_337,Annapoorna Trust Hyderabad,Hyderabad,17.33767784601582,78.56150639600818,124.51,102.7,cold,103.81,110.74,14.03,1,0
NGO_338,Hunger Free India Kolkata,Kolkata,22.609036407858373,88.3422903164958,85.69,65.95,dry,60.64,60.83,4.71,2,0
NGO_339,Roti Bank Pune,Pune,18.49641294369763,73.84208021580085,82.6,59.66,none,51.4,63.66,6.67,3,0
NGO_340,Annadan Trust Chennai,Chennai,13.008998399591297,80.2016938928053,189.24,162.59,dry,129.35,173.29,12.97,2,0
NGO_341,Roti Bank Indore,Indore,22.66927130451345,75.87340406319915,231.51,167.34,dry,163.31,180.41,19.64,2,0
NGO_342,Roti Bank Nagpur,Nagpur,21.1675723030643,79.11592353088058,58.74,46.68,dry,41.3,47.09,5.05,3,0
NGO_343,Seva Sangam Prayagraj,Prayagraj,25.40352733218181,81.81185933595044,231.85,166.88,none,129.92,151.23,19.35,3,0
NGO_344,Seva Sangam Ahmedabad,Ahmedabad,22.996972969528866,72.54540904800115,386.52,315.27,dry,344.48,345.68,68.3,1,0
NGO_345,Hunger Free India Delhi,Delhi,28.639003327655768,77.22305002689743,75.3,54.23,dry,42.92,58.57,8.57,1,0
NGO_346,Annadan Trust Kochi,Kochi,9.987139584582645,76.32004524908939,207.74,149.4,none,204.02,148.29,24.1,2,0
NGO_347,Annadan Trust Lucknow,Lucknow,26.909008710180164,80.94449215711218,295.83,269.95,cold,263.01,255.17,49.31,1,0
NGO_348,Seva Sangam Surat,Surat,21.154376853323907,72.8015915549143,334.91,247.98,dry,289.3,236.33,42.06,2,0
NGO_349,Hunger Free India Lucknow,Lucknow,26.86957880191417,80.97425191888406,704.27,620.49,dry,437.74,677.32,104.94,2,0
NGO_350,Asha Foundation Lucknow,Lucknow,26.848415161923217,80.99343258745172,175.04,154.75,none,116.43,151.12,18.8,2,0
NGO_351,Food For All Indore,Indore,22.696104750548173,75.85634940721062,251.25,221.28,dry,243.68,220.3,35.14,2,0
NGO_352,Annapoorna Trust Chennai,Chennai,13.070843013068457,80.20193163650725,62.81,50.32,dry,50.87,50.27,2.77,3,0
NGO_353,Annadan Trust Kochi,Kochi,9.857839288547908,76.32592062216014,53.16,39.85,none,44.36,39.87,6.6,3,0
NGO_354,Jan Seva Ahmedabad,Ahmedabad,23.04254769656906,72.57758224687886,172.24,135.95,cold,145.33,135.12,24.01,3,0
NGO_355,Roti Bank Bengaluru,Bengaluru,12.991014893906394,77.56642631905183,50.0,46.65,dry,36.26,50.23,5.38,3,0
NGO_356,Seva Sangam Ahmedabad,Ahmedabad,23.031394954144186,72.55787868595662,98.14,87.33,none,93.48,82.0,12.45,2,0
NGO_357,Asha Foundation Nagpur,Nagpur,21.17651849075378,79.18250165765136,98.45,78.02,cold,71.73,76.13,9.64,2,0
NGO_358,Asha Foundation Delhi,Delhi,28.57542243359918,77.2561275436886,273.51,202.44,dry,159.5,220.12,11.45,1,0
NGO_359,Hunger Free India Bengaluru,Bengaluru,12.98918822324482,77.5881667978127,55.39,51.77,none,50.15,46.69,6.62,1,0
NGO_360,Asha Foundation Prayagraj,Prayagraj,25.52798275982216,81.76936891355311,51.68,45.34,cold,42.8,44.94,6.72,3,0
NGO_361,Roti Bank Ahmedabad,Ahmedabad,23.02431691938084,72.60138847824378,251.97,234.43,dry,159.74,219.49,14.49,1,0
NGO_362,Roti Bank Delhi,Delhi,28.605575725191116,77.23631044820905,177.91,124.65,none,102.96,129.5,6.56,1,0
NGO_363,Food For All Mumbai,Mumbai,19.037317523904285,72.97090934336359,75.38,54.38,cold,48.68,52.16,3.86,2,0
NGO_364,Annadan Trust Hyderabad,Hyderabad,17.40514191074641,78.46036078261054,116.14,99.83,cold,89.43,90.4,16.08,1,0
NGO_365,Asha Foundation Nagpur,Nagpur,21.167214869454785,79.07835645827294,154.6,116.22,dry,145.19,111.35,12.71,2,0
NGO_366,Annapoorna Trust Delhi,Delhi,28.576008626170974,77.28333130226177,101.71,93.08,none,86.52,92.06,7.27,3,0
NGO_367,Annadan Trust Pune,Pune,18.58737107488639,73.84177181366316,127.88,106.24,dry,97.12,116.34,14.98,3,0
NGO_368,Asha Foundation Surat,Surat,21.18885229604892,72.81694840821808,127.14,120.68,none,125.49,119.86,19.03,3,0
NGO_369,Food For All Chennai,Chennai,13.078355376735237,80.26352465185836,160.47,138.57,cold,144.87,125.02,12.54,3,0
NGO_370,Annadan Trust Delhi,Delhi,28.62763880286479,77.22055631695541,133.68,117.52,dry,70.54,126.47,19.17,1,0
NGO_371,Hunger Free India Nagpur,Nagpur,21.126931797924577,79.10922570929102,239.7,200.69,none,181.64,205.9,17.06,2,0
NGO_372,Jan Seva Kochi,Kochi,9.985800560273814,76.25535843247262,69.24,62.27,none,65.33,61.02,8.99,3,0
NGO_373,Seva Sangam Kolkata,Kolkata,22.585622815691757,88.36326175851923,234.26,184.73,cold,226.93,185.31,17.78,2,0
NGO_374,Annadan Trust Mumbai,Mumbai,19.091749013193514,72.85987967378404,61.29,54.18,dry,30.93,51.3,7.94,2,0
NGO_375,Roti Bank Kolkata,Kolkata,22.644194419152495,88.376763548603,127.52,120.22,none,108.26,127.87,10.61,1,0
NGO_376,Food For All Indore,Indore,22.70706534801617,75.88220733631285,120.6,109.31,dry,67.1,116.97,21.04,1,0
NGO_377,Food For All Kochi,Kochi,9.979157116020403,76.27531358981354,223.44,200.79,dry,201.8,198.55,30.24,2,0
NGO_378,Annadan Trust Prayagraj,Prayagraj,25.46869540120829,81.86010291146275,137.85,97.98,cold,126.02,92.11,15.62,2,0
NGO_379,Roti Bank Surat,Surat,21.158315164419164,72.83275878663963,82.49,77.96,none,78.82,78.0,9.08,1,0
NGO_380,Seva Sangam Bengaluru,Bengaluru,12.930516425386061,77.51385905636461,230.77,217.52,dry,193.98,238.63,34.71,3,0
NGO_381,Annadan Trust Hyderabad,Hyderabad,17.31931213548403,78.48050160152508,83.08,64.83,cold,82.43,61.81,6.88,2,0
NGO_382,Hunger Free India Surat,Surat,21.19813527441317,72.84458063620262,356.21,308.05,none,337.97,294.59,54.68,3,0
NGO_383,Roti Bank Nagpur,Nagpur,21.09213665167446,79.08006649694795,138.38,103.4,none,108.79,110.21,8.59,3,0
NGO_384,Jan Seva Pune,Pune,18.56418196036064,73.79981413701618,214.54,158.01,dry,156.03,164.83,31.27,2,0
NGO_385,Roti Bank Lucknow,Lucknow,26.833260088511828,80.99164423131695,568.32,497.56,dry,439.5,503.07,26.55,1,0
NGO_386,Hunger Free India Mumbai,Mumbai,19.13758955488243,72.92861288345924,50.0,46.8,none,46.29,42.64,7.14,3,0
NGO_387,Annadan Trust Ahmedabad,Ahmedabad,23.037569432080172,72.56666940468858,211.01,198.95,dry,166.93,205.53,35.81,2,0
NGO_388,Seva Sangam Kochi,Kochi,9.880702326986222,76.31354074637305,75.61,69.59,none,38.45,70.1,10.01,2,0
NGO_389,Annapoorna Trust Bengaluru,Bengaluru,12.974893519224649,77.57452962777009,227.33,193.44,dry,175.47,182.69,24.59,3,0
NGO_390,Asha Foundation Prayagraj,Prayagraj,25.383652878057685,81.90224637394375,86.18,63.3,cold,79.23,65.18,11.99,2,0
NGO_391,Hunger Free India Delhi,Delhi,28.624065366451138,77.24014177230532,194.2,156.56,cold,169.67,148.91,25.18,1,0
NGO_392,Asha Foundation Kochi,Kochi,9.954138264665762,76.28387495067813,50.0,39.67,dry,30.09,37.88,4.16,2,0
NGO_393,Jan Seva Delhi,Delhi,28.679973490444368,77.28482904774938,102.19,71.57,dry,57.99,66.86,12.14,1,0
NGO_394,Asha Foundation Kochi,Kochi,9.879316730886181,76.26888590839998,50.0,47.15,none,42.22,45.01,5.6,1,0
NGO_395,Asha Foundation Hyderabad,Hyderabad,17.395096943215727,78.42860639334158,140.65,114.87,dry,108.38,109.36,10.17,2,0
NGO_396,Food For All Mumbai,Mumbai,19.08840711863169,72.83463099791699,249.6,225.84,dry,158.84,234.84,31.98,1,0
NGO_397,Asha Foundation Prayagraj,Prayagraj,25.451450723512192,81.83957188249485,160.64,146.4,cold,153.99,156.12,14.15,1,0
NGO_398,Asha Foundation Hyderabad,Hyderabad,17.37142048562558,78.51314357701617,50.0,41.65,cold,40.95,37.81,6.51,1,0
NGO_399,Annadan Trust Indore,Indore,22.692569901661898,75.81651493507441,97.69,86.72,none,49.87,82.57,10.19,2,0
NGO_400,Annadan Trust Nagpur,Nagpur,21.105862803135768,79.11845150538021,96.85,72.38,none,96.41,68.01,9.68,3,0
NGO_401,Asha Foundation Pune,Pune,18.56111551355677,73.8524057970005,176.52,123.65,dry,141.82,130.78,9.6,1,0
NGO_402,Seva Sangam Lucknow,Lucknow,26.84376865394336,80.9289094699793,344.71,311.8,cold,205.9,308.35,54.39,3,0
NGO_403,Asha Foundation Lucknow,Lucknow,26.843469365423992,80.95259819966317,118.18,90.35,cold,61.42,95.44,9.45,1,0
NGO_404,Hunger Free India Lucknow,Lucknow,26.874932607855897,80.93540651449514,228.44,163.09,none,197.8,166.31,27.44,3,0
NGO_405,Annapoorna Trust Ahmedabad,Ahmedabad,23.093946312690132,72.59885896291401,50.0,37.02,dry,39.96,34.52,4.84,1,0
NGO_406,Roti Bank Prayagraj,Prayagraj,25.433673532735558,81.85910640173041,187.25,139.53,dry,113.91,126.78,14.02,2,0
NGO_407,Seva Sangam Lucknow,Lucknow,26.812848443388685,81.02205874388913,108.19,84.14,none,81.95,81.02,9.07,2,0
NGO_408,Annapoorna Trust Hyderabad,Hyderabad,17.39117428932003,78.46761621654385,174.94,126.22,cold,162.71,125.56,13.62,2,0
NGO_409,Annapoorna Trust Nagpur,Nagpur,21.146637566664474,79.12589692220585,100.12,73.66,cold,78.3,74.38,9.8,1,0
NGO_410,Asha Foundation Indore,Indore,22.75564468029499,75.85454214177051,249.2,181.08,cold,174.43,191.46,11.35,2,0
NGO_411,Roti Bank Kolkata,Kolkata,22.532663237639138,88.30304386301788,197.01,178.37,cold,151.23,171.89,20.21,3,0
NGO_412,Jan Seva Pune,Pune,18.516483876823294,73.90701071122477,85.81,66.61,dry,60.01,69.65,6.7,2,0
NGO_413,Annadan Trust Prayagraj,Prayagraj,25.504076981764822,81.86630021157555,171.37,160.53,dry,170.19,170.6,19.5,1,0
NGO_414,Seva Sangam Pune,Pune,18.529019922585494,73.84038189208188,94.01,70.25,cold,48.91,70.35,5.89,2,0
NGO_415,Food For All Bengaluru,Bengaluru,13.030023115259077,77.6155625045739,150.85,116.81,cold,128.86,126.91,6.38,2,0
NGO_416,Jan Seva Nagpur,Nagpur,21.157200807239903,79.06384371793501,93.62,80.81,none,52.92,78.82,4.33,2,0
NGO_417,Annadan Trust Bengaluru,Bengaluru,12.927884806818353,77.55520152277973,191.11,135.06,none,98.32,123.11,7.08,1,0
NGO_418,Annadan Trust Kochi,Kochi,9.92290424041064,76.33060306701022,83.76,75.12,cold,72.45,82.43,11.93,3,0
NGO_419,Seva Sangam Prayagraj,Prayagraj,25.435909335386846,81.9017706219265,108.46,91.72,cold,68.02,90.16,7.34,1,0
NGO_420,Annadan Trust Prayagraj,Prayagraj,25.376507942603908,81.84204205981897,369.49,297.09,cold,280.21,325.45,28.71,3,0
NGO_421,Annapoorna Trust Surat,Surat,21.21328304383379,72.8285391531623,197.55,143.69,dry,166.33,156.19,9.08,3,0
NGO_422,Annadan Trust Delhi,Delhi,28.593495679428255,77.21870880539055,160.12,132.49,dry,106.54,143.09,12.33,1,0
NGO_423,Seva Sangam Surat,Surat,21.09841846398443,72.82409570707782,106.65,90.31,dry,93.12,92.24,5.52,2,0
NGO_424,Asha Foundation Hyderabad,Hyderabad,17.358041197541905,78.4447933643363,108.75,79.31,dry,84.27,78.92,11.84,2,0
NGO_425,Jan Seva Lucknow,Lucknow,26.86577541192941,80.95101418168626,88.36,62.49,dry,80.74,57.19,3.01,1,0
NGO_426,Hunger Free India Delhi,Delhi,28.547756815876646,77.21005079721786,50.0,36.36,dry,37.32,36.86,7.35,2,0
NGO_427,Hunger Free India Nagpur,Nagpur,21.09879824047843,79.00879076595582,216.82,191.03,cold,151.17,197.15,13.97,2,0
NGO_428,Annadan Trust Pune,Pune,18.51727935257701,73.84859061526372,50.0,39.68,dry,49.76,38.91,5.78,1,0
NGO_429,Jan Seva Mumbai,Mumbai,19.03753337818411,72.90962621378065,260.57,185.3,cold,239.43,196.21,34.99,2,0
NGO_430,Food For All Kolkata,Kolkata,22.582364158559578,88.35543395878803,185.64,163.92,cold,147.88,174.6,16.32,1,0
NGO_431,Food For All Surat,Surat,21.12591156260372,72.86974991795852,154.79,110.65,dry,112.6,121.23,21.68,1,0
NGO_432,Asha Foundation Prayagraj,Prayagraj,25.435237317820437,81.81459791921782,276.04,247.54,none,142.44,232.14,12.7,2,0
NGO_433,Jan Seva Indore,Indore,22.67627087545432,75.83240622855989,90.05,73.98,cold,72.95,77.26,12.2,2,0
NGO_434,Asha Foundation Lucknow,Lucknow,26.87741220906632,80.98300309186394,186.37,158.25,none,184.22,153.34,17.15,2,0
NGO_435,Food For All Nagpur,Nagpur,21.140728017393133,79.11684972539983,108.74,98.72,cold,91.1,92.63,12.69,2,0
NGO_436,Roti Bank Nagpur,Nagpur,21.146143018169862,79.11482998590338,183.11,142.31,cold,159.94,137.88,24.49,2,0
NGO_437,Seva Sangam Prayagraj,Prayagraj,25.44122687443184,81.8276122082954,403.94,296.59,cold,393.61,294.89,33.26,1,0
NGO_438,Asha Foundation Chennai,Chennai,13.117434294488847,80.25617954092957,178.95,144.12,dry,141.9,158.38,8.26,3,0
NGO_439,Annadan Trust Ahmedabad,Ahmedabad,23.075533339206608,72.57795716260357,71.53,59.02,none,58.69,62.8,9.42,1,0
NGO_440,Annapoorna Trust Bengaluru,Bengaluru,12.981522749886645,77.63800943416271,145.29,123.9,cold,73.23,122.86,12.53,3,0
NGO_441,Seva Sangam Indore,Indore,22.669914093640305,75.91563528891673,112.93,104.37,cold,94.17,96.31,6.09,1,0
NGO_442,Hunger Free India Delhi,Delhi,28.572904441765107,77.19850834248253,264.66,211.42,dry,233.85,195.68,38.91,3,0
NGO_443,Annapoorna Trust Pune,Pune,18.549254159876092,73.9180108651083,142.42,123.62,cold,127.67,118.16,16.19,2,0
NGO_444,Jan Seva Prayagraj,Prayagraj,25.444720476911677,81.88730887738346,131.66,114.79,none,119.46,125.66,20.86,3,0
NGO_445,Food For All Mumbai,Mumbai,19.02560393313686,72.89076822586485,79.89,71.79,none,63.95,73.07,8.01,3,0
NGO_446,Food For All Kolkata,Kolkata,22.548268873267393,88.32124135210626,261.13,189.75,dry,160.87,201.44,31.56,1,0
NGO_447,Annadan Trust Mumbai,Mumbai,19.139723066290927,72.85025251882631,79.61,74.28,none,63.37,78.65,11.17,2,0
NGO_448,Annapoorna Trust Mumbai,Mumbai,19.086907263069065,72.89177906011452,179.44,144.8,none,135.2,157.49,15.86,3,0
NGO_449,Annadan Trust Chennai,Chennai,12.989254978569306,80.3024248203753,287.46,213.59,cold,253.64,210.21,23.53,1,0
NGO_450,Food For All Pune,Pune,18.559133552822026,73.80934298847954,328.09,309.49,cold,229.18,330.25,33.28,1,0
NGO_451,Roti Bank Lucknow,Lucknow,26.860555352518954,80.96322650070476,126.77,116.32,dry,105.49,108.23,5.47,2,0
NGO_452,Food For All Mumbai,Mumbai,19.06252339980936,72.86283531139591,187.23,164.01,dry,147.06,174.96,16.38,2,0
NGO_453,Annadan Trust Mumbai,Mumbai,19.10212808072417,72.9062715625453,89.37,84.06,dry,75.23,87.47,9.93,3,0
NGO_454,Food For All Nagpur,Nagpur,21.16428929814351,79.10394304368839,179.05,126.41,dry,170.92,131.91,24.28,1,0
NGO_455,Annadan Trust Surat,Surat,21.140693868313353,72.78937336778299,62.12,56.96,none,61.14,62.11,9.7,2,0
NGO_456,Roti Bank Surat,Surat,21.241554888526924,72.82372809303108,68.91,61.03,dry,63.52,57.03,9.89,1,0
NGO_457,Annadan Trust Kolkata,Kolkata,22.54701011912241,88.35965935843952,81.4,61.42,dry,44.77,59.35,5.33,2,0
NGO_458,Jan Seva Ahmedabad,Ahmedabad,22.98347644930571,72.54879565404877,328.68,264.88,dry,284.49,251.94,35.08,3,0
NGO_459,Seva Sangam Mumbai,Mumbai,19.120533878415753,72.95382888926076,207.48,187.9,none,160.44,183.21,29.34,2,0
NGO_460,Annadan Trust Delhi,Delhi,28.594912889478795,77.2442060889953,102.44,86.15,none,69.15,83.18,5.0,3,0
NGO_461,Hunger Free India Ahmedabad,Ahmedabad,23.056568543582728,72.56579430208144,115.2,103.35,cold,73.1,100.85,11.1,2,0
NGO_462,Annapoorna Trust Delhi,Delhi,28.568728282477323,77.24557707172208,212.31,168.19,none,194.67,161.49,29.0,2,0
NGO_463,Asha Foundation Kolkata,Kolkata,22.63979648121589,88.36708350433113,270.9,209.45,dry,261.78,209.0,37.56,2,0
NGO_464,Jan Seva Pune,Pune,18.567648735363665,73.84485870314869,254.69,236.28,dry,193.33,216.17,40.95,3,0
NGO_465,Hunger Free India Kochi,Kochi,9.930421790983942,76.34301233007618,193.12,169.81,none,114.94,158.13,8.41,2,0
NGO_466,Food For All Lucknow,Lucknow,26.857784157036804,80.9607957754471,96.48,88.71,dry,70.55,91.92,8.34,2,0
NGO_467,Hunger Free India Mumbai,Mumbai,19.17362785802183,72.89584139712895,143.55,123.77,dry,143.28,112.65,12.1,1,0
NGO_468,Annapoorna Trust Kolkata,Kolkata,22.611683311628717,88.32652340410989,127.09,105.68,none,83.29,107.88,18.5,2,0
NGO_469,Asha Foundation Prayagraj,Prayagraj,25.463702476475945,81.80762262367512,166.58,122.01,cold,126.16,134.14,23.56,2,0
NGO_470,Annadan Trust Surat,Surat,21.118964765270196,72.84998480834271,113.64,85.71,cold,104.81,81.39,15.3,2,0
NGO_471,Asha Foundation Bengaluru,Bengaluru,13.015411428331976,77.6131272240298,164.6,127.37,dry,115.09,138.04,9.86,3,0
NGO_472,Asha Foundation Kolkata,Kolkata,22.529679008039302,88.42929225178179,107.97,78.4,dry,100.28,77.67,4.11,2,0
NGO_473,Annadan Trust Prayagraj,Prayagraj,25.4086433380562,81.84207659831144,169.46,141.26,none,111.67,135.83,23.46,3,0
NGO_474,Food For All Indore,Indore,22.69252182346319,75.83738615723811,203.6,187.44,cold,147.95,171.06,29.36,1,0
NGO_475,Asha Foundation Nagpur,Nagpur,21.215467342612733,79.042440764834,174.79,144.89,cold,103.44,155.53,18.99,3,0
NGO_476,Seva Sangam Mumbai,Mumbai,19.063932700571684,72.83321551193391,269.3,204.66,dry,167.16,206.25,38.79,2,0
NGO_477,Hunger Free India Ahmedabad,Ahmedabad,22.98417297360593,72.56084919313827,244.12,187.93,dry,175.72,193.08,32.79,2,0
NGO_478,Annadan Trust Hyderabad,Hyderabad,17.408548986599303,78.45271110985246,102.72,77.47,cold,87.95,83.15,7.77,2,0
NGO_479,Hunger Free India Nagpur,Nagpur,21.14812403319012,79.0224711812775,181.57,141.49,dry,153.43,133.57,10.21,1,0
NGO_480,Roti Bank Hyderabad,Hyderabad,17.352427181994532,78.48369259539373,211.86,164.3,cold,211.38,169.56,29.06,3,0
NGO_481,Seva Sangam Pune,Pune,18.46261365178766,73.93431275052153,278.11,252.71,dry,268.03,271.42,20.45,1,0
NGO_482,Hunger Free India Delhi,Delhi,28.66062450093689,77.21905052928464,151.88,123.68,dry,129.8,116.55,6.01,1,0
NGO_483,Roti Bank Prayagraj,Prayagraj,25.425402439880898,81.79817262664649,550.47,471.45,none,332.89,515.26,79.28,2,0
NGO_484,Food For All Pune,Pune,18.509535050559595,73.83710014098175,209.34,181.63,none,111.72,186.78,17.01,1,0
NGO_485,Asha Foundation Surat,Surat,21.19324692656427,72.83050243807516,218.34,176.02,none,187.78,178.87,16.7,1,0
NGO_486,Annadan Trust Mumbai,Mumbai,19.08716523667689,72.92700306432153,176.76,153.5,none,136.22,163.91,29.76,3,0
NGO_487,Annapoorna Trust Nagpur,Nagpur,21.1270672078952,79.07253914791663,175.58,161.43,cold,146.86,175.67,34.42,2,0
NGO_488,Seva Sangam Kolkata,Kolkata,22.57348367524217,88.36281725251835,196.83,148.61,dry,135.24,145.07,9.94,2,0
NGO_489,Annadan Trust Pune,Pune,18.585831216066538,73.91268118104772,257.94,196.55,dry,244.36,194.53,12.43,1,0
NGO_490,Jan Seva Delhi,Delhi,28.587303928049796,77.21330839711185,285.08,252.22,cold,280.91,246.09,43.58,2,0
NGO_491,Food For All Mumbai,Mumbai,19.073502727333953,72.89933637575564,234.24,192.92,cold,151.06,186.18,22.89,2,0
NGO_492,Annapoorna Trust Delhi,Delhi,28.613621397521925,77.24997606005377,68.46,59.37,cold,51.21,56.66,8.76,1,0
NGO_493,Asha Foundation Pune,Pune,18.52344895294841,73.87822851612978,109.46,84.61,none,72.45,91.13,12.57,3,0
NGO_494,Seva Sangam Bengaluru,Bengaluru,12.919802468226717,77.62869472104622,78.63,57.42,dry,75.46,62.67,8.98,3,0
NGO_495,Roti Bank Hyderabad,Hyderabad,17.38641717925416,78.49033582559977,173.17,150.53,dry,129.26,147.55,12.15,2,0
NGO_496,Asha Foundation Delhi,Delhi,28.60003984812969,77.16236281978658,240.47,220.92,none,206.95,201.51,28.13,1,0
NGO_497,Hunger Free India Nagpur,Nagpur,21.142613910718392,79.0357985441337,67.95,53.82,cold,50.38,55.56,3.68,2,0
NGO_498,Annapoorna Trust Hyderabad,Hyderabad,17.390103440088314,78.50370373949453,463.35,353.04,cold,317.59,344.85,58.92,3,0
NGO_499,Asha Foundation Kolkata,Kolkata,22.592038040757135,88.38583011767467,211.34,159.38,cold,176.55,150.82,26.56,2,0
